orig_idx,Name,SMILES,SMILES_std,InChIKey,CHEMBL2047_prediction,CHEMBL2047_probability,CHEMBL2047_label@0.5,CHEMBL239_prediction,CHEMBL239_probability,CHEMBL239_label@0.5,CHEMBL235_prediction,CHEMBL235_probability,CHEMBL235_label@0.5,CHEMBL1947_prediction,CHEMBL1947_probability,CHEMBL1947_label@0.5,CHEMBL3351_prediction,CHEMBL3351_probability,CHEMBL3351_label@0.5,CHEMBL5853_prediction,CHEMBL5853_probability,CHEMBL5853_label@0.5,CHEMBL4158_prediction,CHEMBL4158_probability,CHEMBL4158_label@0.5,CHEMBL3247_prediction,CHEMBL3247_probability,CHEMBL3247_label@0.5,CHEMBL5080_prediction,CHEMBL5080_probability,CHEMBL5080_label@0.5,CHEMBL2083_prediction,CHEMBL2083_probability,CHEMBL2083_label@0.5,bayes_score,weighted_sum,main_score,rank,calibrated_prob,TA,priority,TA_weighted,cluster_id,div_score,is_medoid,risk_level,risk_tags,pains_hits,brenk_hits,MW,LogP,TPSA,HBA,HBD,RotB,AromRings,DTXSID,hts_red_flag,reg_sources,food_grade,CAS,chrono_window,suggested_form,murcko_scaffold,scaffold_id,moa_cluster_id,moa_is_medoid,total_activity,weighted_score
0,Glycyrrhizic acid,CC1(C2CCC3(C(C2(CCC1OC4C(C(C(C(O4)C(=O)O)O)O)OC5C(C(C(C(O5)C(=O)O)O)O)O)C)C(=O)C=C6C3(CCC7(C6CC(CC7)(C)C(=O)O)C)C)C)C,CC1(C(=O)O)CCC2(C)CCC3(C)C(=CC(=O)C4C5(C)CCC(OC6OC(C(=O)O)C(O)C(O)C6OC6OC(C(=O)O)C(O)C(O)C6O)C(C)(C)C5CCC43C)C2C1,LPLVUJXQOOQHMX-UHFFFAOYSA-N,0,0.2370836551078801,Не активен,0,0.25,Не активен,0,0.45,Не активен,0,0.3962228894392835,Не активен,1,0.6666666666666666,Активен,0,0.0922498956160653,Не активен,1,0.6666666666666666,Активен,1,0.6666666666666666,Активен,1,0.6,Активен,1,0.5175635086626414,Активен,0.9987672352658288,0.454311994882587,0.454311994882587,1,1,5,High,4.54311994882587,2,0.0,True,red,"michael_acceptor,name_redflag",0,0,822.9419999999996,2.245600000000004,267.04,16,8,7,0,,no,"FDA_GRAS,EFSA_NOVEL",GRAS,,morning_powder,powder,O=C1C=C2C3CCCCC3CCC2C2CCC3CC(OC4OCCCC4OC4CCCCO4)CCC3C12,0,0,False,5,4.54311994882587
1,Baicalin,C1=CC=C(C=C1)C2=CC(=O)C3=C(C(=C(C=C3O2)OC4C(C(C(C(O4)C(=O)O)O)O)O)O)O,O=C(O)C1OC(Oc2cc3oc(-c4ccccc4)cc(=O)c3c(O)c2O)C(O)C(O)C1O,IKIIZLYTISPENI-UHFFFAOYSA-N,0,0.0,Не активен,0,0.1666666666666666,Не активен,0,0.45,Не активен,1,0.625,Активен,1,0.6666666666666666,Активен,0,0.2299326441414017,Не активен,0,0.2,Не активен,1,0.6571380542012648,Активен,1,0.9166666666666666,Активен,1,0.58301462279327,Активен,0.9995794970742636,0.4495085321135937,0.4495085321135937,2,1,5,High,4.495085321135937,3,0.956585520039735,False,green,catechol,0,0,446.364,0.1422000000000002,187.12,11,6,4,3,,no,"FDA_GRAS,EFSA_NOVEL",GRAS,,postprandial_chew,chew,O=c1cc(-c2ccccc2)oc2cc(OC3CCCCO3)ccc12,1,1,False,5,4.495085321135937
2,Scutellarin,C1=CC(=CC=C1C2=CC(=O)C3=C(C(=C(C=C3O2)OC4C(C(C(C(O4)C(=O)O)O)O)O)O)O)O,O=C(O)C1OC(Oc2cc3oc(-c4ccc(O)cc4)cc(=O)c3c(O)c2O)C(O)C(O)C1O,DJSISFGPUUYILV-UHFFFAOYSA-N,0,0.0,Не активен,0,0.1404224363965115,Не активен,0,0.45,Не активен,1,0.625,Активен,1,0.6666666666666666,Активен,0,0.1597780788430181,Не активен,0,0.2140208901558005,Не активен,1,0.6666666666666666,Активен,1,0.9166666666666666,Активен,1,0.58301462279327,Активен,0.9995479555832276,0.44222360281886,0.44222360281886,3,1,5,High,4.4222360281886,4,0.0,True,green,catechol,0,0,462.36300000000006,-0.1522000000000001,207.35,12,7,4,3,,no,"FDA_GRAS,EFSA_NOVEL",GRAS,,postprandial_chew,chew,O=c1cc(-c2ccccc2)oc2cc(OC3CCCCO3)ccc12,1,1,False,5,4.4222360281886
3,Lycopene,CC(=CCCC(=CC=CC(=CC=CC(=CC=CC=C(C)C=CC=C(C)C=CC=C(C)CCC=C(C)C)C)C)C)C,CC(C)=CCCC(C)=CC=CC(C)=CC=CC(C)=CC=CC=C(C)C=CC=C(C)C=CC=C(C)CCC=C(C)C,OAIJSZIZWZSQBC-UHFFFAOYSA-N,0,0.0911917632893237,Не активен,0,0.0,Не активен,0,0.5,Не активен,0,0.1582566941807109,Не активен,0,0.5,Не активен,0,0.0,Не активен,0,0.4285714285714285,Не активен,1,0.6656516526523795,Активен,1,0.5069313878313281,Активен,1,0.5456696802904903,Активен,0.991814746315288,0.3396272606815661,0.3396272606815661,4,1,5,High,3.396272606815661,3,0.9510629080642582,False,yellow,,0,0,536.8880000000004,12.937999999999976,0.0,0,0,16,0,,no,"FDA_GRAS,EFSA_NOVEL",GRAS,,morning_powder,powder,,2,0,False,5,3.3962726068156606
4,Rutin,CC1C(C(C(C(O1)OCC2C(C(C(C(O2)OC3=C(OC4=CC(=CC(=C4C3=O)O)O)C5=CC(=C(C=C5)O)O)O)O)O)O)O)O,CC1OC(OCC2OC(Oc3c(-c4ccc(O)c(O)c4)oc4cc(O)cc(O)c4c3=O)C(O)C(O)C2O)C(O)C(O)C1O,IKGXIBQEEMLURG-UHFFFAOYSA-N,0,0.1686898326408873,Не активен,0,0.25,Не активен,0,0.45,Не активен,1,0.6295194484887168,Активен,1,0.6666666666666666,Активен,0,0.3255370981127498,Не активен,0,0.2651113018266779,Не активен,1,0.6666666666666666,Активен,1,1.0,Активен,0,0.4754296844216183,Не активен,1.0,0.4897620698823983,0.4897620698823983,5,1,4,High,4.897620698823983,0,0.0,True,green,catechol,0,0,610.5210000000006,-1.6871000000000005,269.42999999999995,16,10,6,3,,no,"FDA_GRAS,EFSA_NOVEL",GRAS,,postprandial_chew,chew,O=c1c(OC2CCCC(COC3CCCCO3)O2)c(-c2ccccc2)oc2ccccc12,3,1,False,4,4.897620698823983
5,Astaxanthin,CC1=C(C(CC(C1=O)O)(C)C)C=CC(=CC=CC(=CC=CC=C(C)C=CC=C(C)C=CC2=C(C(=O)C(CC2(C)C)O)C)C)C,CC(C=CC=C(C)C=CC1=C(C)C(=O)C(O)CC1(C)C)=CC=CC=C(C)C=CC=C(C)C=CC1=C(C)C(=O)C(O)CC1(C)C,MQZIGYBFDRPAKN-UHFFFAOYSA-N,0,0.1686898326408873,Не активен,0,0.125,Не активен,1,0.7292155322850653,Активен,0,0.1740628816412498,Не активен,0,0.5,Не активен,0,0.0,Не активен,0,0.4285714285714285,Не активен,0,0.3333333333333333,Не активен,0,0.5,Не активен,1,0.5916766608200188,Активен,0.993673598013337,0.3550549669291983,0.3550549669291983,6,1,4,High,3.550549669291984,3,0.954228763003872,False,yellow,michael_acceptor,0,0,596.8520000000002,8.905400000000004,74.6,4,2,10,0,,no,"FDA_GRAS,EFSA_NOVEL",GRAS,,evening_shot,shot,O=C1C=C(C=CC=CC=CC=CC=CC=CC=CC=CC=CC2=CC(=O)CCC2)CCC1,4,2,True,4,3.5505496692919833
6,Oleanolic acid,CC1(CCC2(CCC3(C(=CCC4C3(CCC5C4(CCC(C5(C)C)O)C)C)C2C1)C)C(=O)O)C,CC1(C)CCC2(C(=O)O)CCC3(C)C(=CCC4C5(C)CCC(O)C(C)(C)C5CCC43C)C2C1,MIJYXULNPSFWEK-UHFFFAOYSA-N,0,0.1686898326408873,Не активен,0,0.0,Не активен,0,0.1764705882352941,Не активен,0,0.2,Не активен,0,0.5,Не активен,0,0.0,Не активен,0,0.4285714285714285,Не активен,1,0.6666666666666666,Активен,1,0.5057836362295483,Активен,1,0.755237992660197,Активен,0.9936903681262688,0.3401420145004022,0.3401420145004022,7,1,4,High,3.4014201450040216,3,0.9564318775175076,False,yellow,,0,0,456.7110000000002,7.233600000000008,57.53,3,2,1,0,,no,"FDA_GRAS,EFSA_NOVEL",GRAS,,morning_powder,powder,C1=C2C3CCCCC3CCC2C2CCC3CCCCC3C2C1,5,0,False,4,3.4014201450040216
7,Curcumin,COC1=C(C=CC(=C1)C=CC(=O)CC(=O)C=CC2=CC(=C(C=C2)O)OC)O,COc1cc(C=CC(=O)CC(=O)C=Cc2ccc(O)c(OC)c2)ccc1O,VFLDPWHFBUODDF-UHFFFAOYSA-N,0,0.0911917632893237,Не активен,0,0.0,Не активен,0,0.45,Не активен,0,0.5,Не активен,0,0.5,Не активен,0,0.0,Не активен,0,0.0508474576271186,Не активен,1,0.5825470739989312,Активен,1,0.9166666666666666,Активен,0,0.0,Не активен,0.9958739239217044,0.309125296158204,0.309125296158204,8,1,4,High,3.09125296158204,3,0.9528010288399948,False,yellow,"michael_acceptor,catechol",0,0,368.3850000000001,3.3699000000000026,93.06000000000002,6,2,8,2,,no,"FDA_GRAS,EFSA_NOVEL",GRAS,,postprandial_chew,chew,O=C(C=Cc1ccccc1)CC(=O)C=Cc1ccccc1,6,3,False,4,3.09125296158204
8,Diosmin,CC1C(C(C(C(O1)OCC2C(C(C(C(O2)OC3=CC(=C4C(=C3)OC(=CC4=O)C5=CC(=C(C=C5)OC)O)O)O)O)O)O)O)O,COc1ccc(-c2cc(=O)c3c(O)cc(OC4OC(COC5OC(C)C(O)C(O)C5O)C(O)C(O)C4O)cc3o2)cc1O,GZSOSUNBTXMUFQ-UHFFFAOYSA-N,0,0.1686898326408873,Не активен,0,0.25,Не активен,0,0.45,Не активен,1,0.625,Активен,1,0.6666666666666666,Активен,0,0.3255370981127498,Не активен,0,0.3143047572845124,Не активен,0,0.4,Не активен,1,0.9166666666666666,Активен,0,0.4666080391474444,Не активен,0.9994713080090846,0.4583473060518927,0.4583473060518927,9,1,3,High,4.583473060518927,1,0.0,True,green,catechol,0,0,608.5490000000007,-1.0897000000000003,238.2,15,8,7,3,,no,"FDA_GRAS,EFSA_NOVEL",GRAS,,postprandial_chew,chew,O=c1cc(-c2ccccc2)oc2cc(OC3CCCC(COC4CCCCO4)O3)ccc12,7,1,True,3,4.583473060518927
9,Ursolic acid,CC1CCC2(CCC3(C(=CCC4C3(CCC5C4(CCC(C5(C)C)O)C)C)C2C1C)C)C(=O)O,CC1CCC2(C(=O)O)CCC3(C)C(=CCC4C5(C)CCC(O)C(C)(C)C5CCC43C)C2C1C,WCGUUGGRBIKTOS-UHFFFAOYSA-N,0,0.0,Не активен,0,0.125,Не активен,0,0.45,Не активен,0,0.2,Не активен,0,0.4377430606664028,Не активен,0,0.0,Не активен,0,0.4285714285714285,Не активен,1,0.6666666666666666,Активен,1,0.5037162220722808,Активен,1,0.755237992660197,Активен,0.994991469346052,0.3566935370636975,0.3566935370636975,10,1,3,High,3.5669353706369757,5,0.0,True,yellow,,0,0,456.7110000000002,7.089500000000008,57.53,3,2,1,0,,no,"FDA_GRAS,EFSA_NOVEL",GRAS,,morning_powder,powder,C1=C2C3CCCCC3CCC2C2CCC3CCCCC3C2C1,5,0,True,3,3.5669353706369753
10,Betulinic acid,CC(=C)C1CCC2(C1C3CCC4C5(CCC(C(C5CCC4(C3(CC2)C)C)(C)C)O)C)C(=O)O,C=C(C)C1CCC2(C(=O)O)CCC3(C)C(CCC4C5(C)CCC(O)C(C)(C)C5CCC43C)C12,QGJZLNKBHJESQX-UHFFFAOYSA-N,0,0.0,Не активен,0,0.125,Не активен,0,0.45,Не активен,0,0.2,Не активен,0,0.338854000213208,Не активен,0,0.0,Не активен,0,0.4285714285714285,Не активен,1,0.6666666666666666,Активен,0,0.5,Не активен,1,0.755237992660197,Активен,0.9940664745247418,0.34643300881115,0.34643300881115,11,1,3,High,3.4643300881115,3,0.9564318775175076,False,yellow,,0,0,456.7110000000003,7.089500000000008,57.53,3,2,2,0,,no,"FDA_GRAS,EFSA_NOVEL",GRAS,,morning_powder,powder,C1CCC2C(C1)CCC1C2CCC2C3CCCC3CCC21,8,0,False,3,3.4643300881115
11,Berberine,COC1=C(C2=C[N+]3=C(C=C2C=C1)C4=CC5=C(C=C4CC3)OCO5)OC,COc1ccc2cc3[n+](cc2c1OC)CCc1cc2c(cc1-3)OCO2,YBHILYKTIRIUTE-UHFFFAOYSA-N,0,0.0911917632893237,Не активен,0,0.25,Не активен,0,0.45,Не активен,0,0.5,Не активен,0,0.5,Не активен,0,0.24656024348934,Не активен,0,0.0508474576271186,Не активен,0,0.0714285714285714,Не активен,1,0.9166666666666666,Активен,0,0.3636842053049264,Не активен,0.9966998966710772,0.3440378907805946,0.3440378907805946,12,1,3,High,3.440378907805947,3,0.9559465873812418,False,green,catechol,0,0,336.36700000000013,3.096300000000001,40.8,5,0,2,3,DTXSID9043857,no,"FDA_GRAS,EFSA_NOVEL",GRAS,,postprandial_chew,chew,c1ccc2c[n+]3c(cc2c1)-c1cc2c(cc1CC3)OCO2,9,1,False,3,3.440378907805947
12,Ellagic acid,C1=C2C3=C(C(=C1O)O)OC(=O)C4=CC(=C(C(=C43)OC2=O)O)O,O=c1oc2c(O)c(O)cc3c(=O)oc4c(O)c(O)cc1c4c23,AFSDNFLWKVMVRB-UHFFFAOYSA-N,0,0.0,Не активен,0,0.0,Не активен,0,0.4794472893845448,Не активен,1,0.625,Активен,0,0.5,Не активен,0,0.0,Не активен,0,0.0508474576271186,Не активен,0,0.4,Не активен,1,0.9166666666666666,Активен,0,0.0,Не активен,0.9953679631682524,0.297196141367833,0.297196141367833,13,1,3,High,2.9719614136783297,3,0.9503974047310229,False,green,catechol,0,0,302.194,1.3128,141.34,8,4,0,4,DTXSID2020557,yes,"FDA_GRAS,EFSA_NOVEL",GRAS,,postprandial_chew,chew,O=c1oc2cccc3c(=O)oc4cccc1c4c23,10,3,False,3,2.9719614136783297
13,Nicotinamide riboside,C1=CC(=C[N+](=C1)C2C(C(C(O2)CO)O)O)C(=O)N,NC(=O)c1ccc[n+](C2OC(CO)C(O)C2O)c1,JLEBZPBDRKPWTD-UHFFFAOYSA-O,0,0.1595855857563166,Не активен,0,0.125,Не активен,0,0.45,Не активен,0,0.2019077758289821,Не активен,0,0.0384615384615384,Не активен,0,0.0,Не активен,0,0.3349293952775234,Не активен,1,0.6072337579912009,Активен,0,0.5,Не активен,1,0.5117999686377382,Активен,0.9802096402475524,0.29289180219533,0.29289180219533,14,1,3,High,2.9289180219533,3,0.9544421771273832,False,green,,0,0,255.24999999999997,-2.315499999999998,116.89,7,5,3,1,,no,"FDA_GRAS,EFSA_NOVEL",GRAS,,dual_morning_postpr,powder+chew,c1cc[n+](C2CCCO2)cc1,11,0,False,3,2.9289180219533
14,Luteolin,C1=CC(=C(C=C1C2=CC(=O)C3=C(C=C(C=C3O2)O)O)O)O,O=c1cc(-c2ccc(O)c(O)c2)oc2cc(O)cc(O)c12,IQPNAANSBPBGFQ-UHFFFAOYSA-N,0,0.0,Не активен,0,0.0,Не активен,0,0.45,Не активен,1,0.625,Активен,0,0.5,Не активен,0,0.0,Не активен,0,0.0508474576271186,Не активен,0,0.3333333333333333,Не активен,1,0.9166666666666666,Активен,0,0.0,Не активен,0.9945621468926552,0.2875847457627118,0.2875847457627118,15,1,3,High,2.8758474576271182,3,0.9533071807598076,False,green,catechol,0,0,286.239,2.2824000000000018,111.13,6,4,1,3,DTXSID4074988,no,"FDA_GRAS,EFSA_NOVEL",GRAS,,postprandial_chew,chew,O=c1cc(-c2ccccc2)oc2ccccc12,12,3,False,3,2.8758474576271182
15,Quercetin,C1=CC(=C(C=C1C2=C(C(=O)C3=C(C=C(C=C3O2)O)O)O)O)O,O=c1c(O)c(-c2ccc(O)c(O)c2)oc2cc(O)cc(O)c12,REFJWTPEDVJJIY-UHFFFAOYSA-N,0,0.0,Не активен,0,0.125,Не активен,0,0.45,Не активен,1,0.625,Активен,0,0.5,Не активен,0,0.0,Не активен,0,0.0508474576271186,Не активен,0,0.0714285714285714,Не активен,1,0.9166666666666666,Активен,0,0.0,Не активен,0.9933726165254236,0.2738942695722356,0.2738942695722356,16,1,3,High,2.7389426957223564,3,0.953548394375892,False,green,catechol,0,0,302.238,1.9880000000000009,131.36,7,5,1,3,DTXSID4021218,yes,"FDA_GRAS,EFSA_NOVEL",GRAS,,postprandial_chew,chew,O=c1cc(-c2ccccc2)oc2ccccc12,12,3,False,3,2.7389426957223564
16,Limonene,CC1=CCC(CC1)C(=C)C,C=C(C)C1CC=C(C)CC1,XMGQYMWWDOXHJM-UHFFFAOYSA-N,0,0.0911917632893237,Не активен,0,0.0,Не активен,0,0.5,Не активен,0,0.1428571428571428,Не активен,0,0.0384615384615384,Не активен,0,0.0,Не активен,1,0.75,Активен,0,0.0714285714285714,Не активен,0,0.3889519842619329,Не активен,1,0.7148866017428781,Активен,0.9848535651964588,0.2697777602041388,0.2697777602041388,17,1,3,High,2.6977776020413877,3,0.9507361735135326,False,green,,0,0,136.238,3.308900000000002,0.0,0,0,1,0,DTXSID2029612,yes,"FDA_GRAS,EFSA_NOVEL",GRAS,,morning_powder,powder,C1=CCCCC1,13,4,True,3,2.6977776020413873
17,Fisetin,C1=CC(=C(C=C1C2=C(C(=O)C3=C(O2)C=C(C=C3)O)O)O)O,O=c1c(O)c(-c2ccc(O)c(O)c2)oc2cc(O)ccc12,XHEFDIBZLJXQHF-UHFFFAOYSA-N,0,0.0,Не активен,0,0.0,Не активен,0,0.45,Не активен,0,0.5,Не активен,0,0.5,Не активен,0,0.0,Не активен,0,0.0508474576271186,Не активен,0,0.2312488355985709,Не активен,1,0.9166666666666666,Активен,0,0.0,Не активен,0.9916392881837698,0.2648762959892356,0.2648762959892356,18,1,3,High,2.648762959892356,3,0.953548394375892,False,green,catechol,0,0,286.239,2.282400000000001,111.13,6,4,1,3,DTXSID4022317,no,"FDA_GRAS,EFSA_NOVEL",GRAS,,postprandial_chew,chew,O=c1cc(-c2ccccc2)oc2ccccc12,12,3,True,3,2.648762959892356
18,Myricetin,C1=C(C=C(C(=C1O)O)O)C2=C(C(=O)C3=C(C=C(C=C3O2)O)O)O,O=c1c(O)c(-c2cc(O)c(O)c(O)c2)oc2cc(O)cc(O)c12,IKMDFBPHZNJCSN-UHFFFAOYSA-N,0,0.0,Не активен,0,0.125,Не активен,0,0.45,Не активен,0,0.5,Не активен,0,0.5,Не активен,0,0.0,Не активен,0,0.0508474576271186,Не активен,0,0.0714285714285714,Не активен,1,0.9166666666666666,Активен,0,0.0,Не активен,0.9911634887005648,0.2613942695722356,0.2613942695722356,19,1,3,High,2.6139426957223564,3,0.9528010288399948,False,green,catechol,0,0,318.237,1.6936000000000004,151.58999999999995,8,6,1,3,DTXSID8022400,no,"FDA_GRAS,EFSA_NOVEL",GRAS,,postprandial_chew,chew,O=c1cc(-c2ccccc2)oc2ccccc12,12,3,False,3,2.6139426957223564
19,Kaempferol,C1=CC(=CC=C1C2=C(C(=O)C3=C(C=C(C=C3O2)O)O)O)O,O=c1c(O)c(-c2ccc(O)cc2)oc2cc(O)cc(O)c12,IYRMWMYZSQPJKC-UHFFFAOYSA-N,0,0.0,Не активен,0,0.125,Не активен,0,0.45,Не активен,0,0.5,Не активен,0,0.5,Не активен,0,0.0,Не активен,0,0.0508474576271186,Не активен,0,0.0714285714285714,Не активен,1,0.9166666666666666,Активен,0,0.0,Не активен,0.9911634887005648,0.2613942695722356,0.2613942695722356,20,1,3,High,2.6139426957223564,3,0.9530581835176636,False,green,,0,0,286.239,2.282400000000001,111.13,6,4,1,3,DTXSID7020768,yes,"FDA_GRAS,EFSA_NOVEL",GRAS,,postprandial_chew,chew,O=c1cc(-c2ccccc2)oc2ccccc12,12,3,False,3,2.6139426957223564
20,Chlorogenic acid,C1C(C(C(CC1(C(=O)O)O)OC(=O)C=CC2=CC(=C(C=C2)O)O)O)O,O=C(C=Cc1ccc(O)c(O)c1)OC1CC(O)(C(=O)O)CC(O)C1O,CWVRJTMFETXNAD-UHFFFAOYSA-N,0,0.0,Не активен,0,0.0,Не активен,0,0.1764705882352941,Не активен,0,0.5,Не активен,0,0.1111111111111111,Не активен,0,0.1979779267389308,Не активен,0,0.0508474576271186,Не активен,0,0.3026101794152436,Не активен,1,0.6,Активен,1,0.6479511564344203,Активен,0.9726373944423348,0.2586968419562119,0.2586968419562119,21,1,3,High,2.586968419562118,3,0.9557761592358724,False,yellow,"michael_acceptor,catechol",0,0,354.31100000000004,-0.6459000000000001,164.75,9,6,4,1,,no,"FDA_GRAS,EFSA_NOVEL",GRAS,,morning_powder,powder,O=C(C=Cc1ccccc1)OC1CCCCC1,14,5,True,3,2.586968419562118
21,Conjugated linoleic acid (CLA),CCCCCCC=CC=CCCCCCCCC(=O)O,CCCCCCC=CC=CCCCCCCCC(=O)O,JBYXPOFIGCOSSB-UHFFFAOYSA-N,0,0.0911917632893237,Не активен,0,0.0,Не активен,1,0.5238095238095238,Активен,0,0.1428571428571428,Не активен,0,0.1111111111111111,Не активен,0,0.0,Не активен,1,0.690228257060784,Активен,0,0.066724452628763,Не активен,0,0.5,Не активен,0,0.3726949240316246,Не активен,0.970101173696998,0.2498617174788273,0.2498617174788273,22,1,3,High,2.498617174788273,3,0.9510629080642582,False,yellow,,0,0,280.4519999999999,5.884500000000006,37.3,2,1,14,0,DTXSID6041006,no,"FDA_GRAS,EFSA_NOVEL",GRAS,,dual_evening_postpr,shot+chew,,2,4,False,3,2.498617174788273
22,Apigenin,C1=CC(=CC=C1C2=CC(=O)C3=C(C=C(C=C3O2)O)O)O,O=c1cc(-c2ccc(O)cc2)oc2cc(O)cc(O)c12,KZNIFHPLKGYRTM-UHFFFAOYSA-N,0,0.0,Не активен,0,0.0,Не активен,0,0.45,Не активен,0,0.5,Не активен,0,0.5,Не активен,0,0.0,Не активен,0,0.0508474576271186,Не активен,0,0.0714285714285714,Не активен,1,0.9166666666666666,Активен,0,0.0,Не активен,0.9899011299435028,0.2488942695722356,0.2488942695722356,23,1,3,High,2.4889426957223564,3,0.9528010288399948,False,green,,0,0,270.23999999999995,2.5768000000000018,90.9,5,3,1,3,DTXSID6022391,yes,"FDA_GRAS,EFSA_NOVEL",GRAS,,postprandial_chew,chew,O=c1cc(-c2ccccc2)oc2ccccc12,12,3,False,3,2.4889426957223564
23,Genistein,C1=CC(=CC=C1C2=COC3=CC(=CC(=C3C2=O)O)O)O,O=c1c(-c2ccc(O)cc2)coc2cc(O)cc(O)c12,TZBJGXHYKVUXJN-UHFFFAOYSA-N,0,0.0,Не активен,0,0.0,Не активен,0,0.45,Не активен,0,0.5,Не активен,0,0.5,Не активен,0,0.0,Не активен,0,0.0508474576271186,Не активен,0,0.0714285714285714,Не активен,1,0.9166666666666666,Активен,0,0.0,Не активен,0.9899011299435028,0.2488942695722356,0.2488942695722356,24,1,3,High,2.4889426957223564,3,0.9530581835176636,False,green,,0,0,270.23999999999995,2.576800000000001,90.9,5,3,1,3,DTXSID5022308,yes,"FDA_GRAS,EFSA_NOVEL",GRAS,,postprandial_chew,chew,O=c1c(-c2ccccc2)coc2ccccc12,15,3,False,3,2.4889426957223564
24,Hesperetin,COC1=C(C=C(C=C1)C2CC(=O)C3=C(C=C(C=C3O2)O)O)O,COc1ccc(C2CC(=O)c3c(O)cc(O)cc3O2)cc1O,AIONOLUJZLIMTK-UHFFFAOYSA-N,0,0.0911917632893237,Не активен,0,0.0,Не активен,0,0.45,Не активен,0,0.4247172078901275,Не активен,0,0.2671585392506439,Не активен,0,0.0,Не активен,0,0.0508474576271186,Не активен,0,0.0714285714285714,Не активен,1,0.9166666666666666,Активен,1,0.5919472251691366,Активен,0.993684426690314,0.2863957431321588,0.2863957431321588,25,1,2,Med,2.8639574313215883,3,0.9552363441522084,False,green,catechol,0,0,302.2819999999999,2.518500000000002,96.22,6,3,2,2,DTXSID80274404,no,"FDA_GRAS,EFSA_NOVEL",GRAS,,postprandial_chew,chew,O=C1CC(c2ccccc2)Oc2ccccc21,16,6,True,2,2.8639574313215883
25,Dihydromyricetin,C1=C(C=C(C(=C1O)O)O)C2C(C(=O)C3=C(C=C(C=C3O2)O)O)O,O=C1c2c(O)cc(O)cc2OC(c2cc(O)c(O)c(O)c2)C1O,KJXSIXMJHKAJOD-UHFFFAOYSA-N,0,0.0,Не активен,0,0.125,Не активен,0,0.45,Не активен,0,0.4199725062614752,Не активен,0,0.1111111111111111,Не активен,0,0.0,Не активен,0,0.0508474576271186,Не активен,0,0.0714285714285714,Не активен,1,0.9166666666666666,Активен,1,0.520198869868652,Активен,0.9912562415301318,0.2665225182963595,0.2665225182963595,26,1,2,Med,2.665225182963595,3,0.953548394375892,False,green,catechol,0,0,320.253,0.8919000000000001,147.68,8,6,1,2,,no,"FDA_GRAS,EFSA_NOVEL",GRAS,,postprandial_chew,chew,O=C1CC(c2ccccc2)Oc2ccccc21,16,6,False,2,2.665225182963595
26,Naringenin,C1C(OC2=CC(=CC(=C2C1=O)O)O)C3=CC=C(C=C3)O,O=C1CC(c2ccc(O)cc2)Oc2cc(O)cc(O)c21,FTVWIRXFELQLPI-UHFFFAOYSA-N,0,0.0,Не активен,0,0.0,Не активен,0,0.4680176807654088,Не активен,0,0.4043817236860563,Не активен,0,0.1111111111111111,Не активен,0,0.0,Не активен,0,0.0508474576271186,Не активен,0,0.0714285714285714,Не активен,1,0.6,Активен,1,0.5916766608200188,Активен,0.9594558482137908,0.2297463205438285,0.2297463205438285,27,1,2,Med,2.297463205438285,3,0.953548394375892,False,green,,0,0,272.256,2.5099000000000022,86.99000000000001,5,3,1,2,DTXSID50274239,no,"FDA_GRAS,EFSA_NOVEL",GRAS,,dual_morning_postpr,powder+chew,O=C1CC(c2ccccc2)Oc2ccccc21,16,6,False,2,2.297463205438285
27,Piperine,C1CCN(CC1)C(=O)C=CC=CC2=CC3=C(C=C2)OCO3,O=C(C=CC=Cc1ccc2c(c1)OCO2)N1CCCCC1,MXXWOMGUGJBKIW-UHFFFAOYSA-N,0,0.1595855857563166,Не активен,0,0.1666666666666666,Не активен,0,0.1764705882352941,Не активен,0,0.1428571428571428,Не активен,0,0.0384615384615384,Не активен,0,0.0,Не активен,0,0.125,Не активен,0,0.0714285714285714,Не активен,0,0.5,Не активен,1,0.585479992074103,Активен,0.9199520703921577,0.1965950085479633,0.1965950085479633,28,1,2,Med,1.9659500854796328,3,0.9546493845702384,False,yellow,"michael_acceptor,catechol",0,0,285.3430000000001,2.997200000000001,38.77,4,0,3,1,,no,"FDA_GRAS,EFSA_NOVEL",GRAS,,morning_powder,powder,O=C(C=CC=Cc1ccc2c(c1)OCO2)N1CCCCC1,17,7,True,2,1.9659500854796328
28,Taurine,C(CS(=O)(=O)O)N,NCCS(=O)(=O)O,XOAAWQZATWQOTB-UHFFFAOYSA-N,0,0.0911917632893237,Не активен,0,0.0,Не активен,0,0.5,Не активен,0,0.2,Не активен,0,0.0384615384615384,Не активен,0,0.0,Не активен,0,0.4285714285714285,Не активен,0,0.1490312905578323,Не активен,0,0.5,Не активен,0,0.0,Не активен,0.9150145744698795,0.1907256020880123,0.1907256020880123,29,1,2,Med,1.907256020880123,3,0.9467066302688808,True,green,,0,0,125.149,-1.167099999999999,80.39,4,3,2,0,DTXSID3021304,yes,"FDA_GRAS,EFSA_NOVEL",GRAS,,dual_evening_postpr,shot+chew,,2,8,True,2,1.907256020880123
29,Gallic acid,C1=C(C=C(C(=C1O)O)O)C(=O)O,O=C(O)c1cc(O)c(O)c(O)c1,LNTHITQWFMADLM-UHFFFAOYSA-N,0,0.0911917632893237,Не активен,0,0.0,Не активен,0,0.45,Не активен,0,0.5,Не активен,0,0.0384615384615384,Не активен,0,0.0,Не активен,0,0.0508474576271186,Не активен,0,0.0714285714285714,Не активен,1,0.6,Активен,0,0.0,Не активен,0.915280588103242,0.1801929330806552,0.1801929330806552,30,1,2,Med,1.801929330806552,3,0.9480774859597744,False,green,catechol,0,0,170.11999999999998,0.5016000000000003,97.99,5,4,1,1,DTXSID0020650,yes,"FDA_GRAS,EFSA_NOVEL",GRAS,,postprandial_chew,chew,c1ccccc1,18,9,False,2,1.8019293308065518
30,Caffeic acid,C1=CC(=C(C=C1C=CC(=O)O)O)O,O=C(O)C=Cc1ccc(O)c(O)c1,QAIPRVGONGVQAS-UHFFFAOYSA-N,0,0.0911917632893237,Не активен,0,0.0,Не активен,0,0.45,Не активен,0,0.5,Не активен,0,0.0384615384615384,Не активен,0,0.0,Не активен,0,0.125,Не активен,0,0.0714285714285714,Не активен,0,0.5,Не активен,0,0.0,Не активен,0.9023741151970952,0.1776081873179433,0.1776081873179433,31,1,2,Med,1.7760818731794334,3,0.9507361735135326,False,yellow,"michael_acceptor,catechol",0,0,180.159,1.1955999999999996,77.76,4,3,2,1,DTXSID5020231,yes,"FDA_GRAS,EFSA_NOVEL",GRAS,,dual_evening_postpr,shot+chew,c1ccccc1,18,9,False,2,1.7760818731794334
31,Sinapic acid,COC1=CC(=CC(=C1O)OC)C=CC(=O)O,COc1cc(C=CC(=O)O)cc(OC)c1O,PCMORTLOPMLEFB-UHFFFAOYSA-N,0,0.0911917632893237,Не активен,0,0.0,Не активен,0,0.45,Не активен,0,0.5,Не активен,0,0.0384615384615384,Не активен,0,0.0,Не активен,0,0.0508474576271186,Не активен,0,0.0714285714285714,Не активен,1,0.5477514999389335,Активен,0,0.0,Не активен,0.9042144326090888,0.1749680830745485,0.1749680830745485,32,1,2,Med,1.7496808307454854,3,0.9516825546757208,False,yellow,"michael_acceptor,catechol",0,0,224.212,1.5072,75.99,5,2,4,1,,no,"FDA_GRAS,EFSA_NOVEL",GRAS,,postprandial_chew,chew,c1ccccc1,18,9,True,2,1.7496808307454854
32,Betaine,C[N+](C)(C)CC(=O)[O-],C[N+](C)(C)CC(=O)[O-],KWIUHFFTVRNATP-UHFFFAOYSA-N,0,0.0911917632893237,Не активен,0,0.0,Не активен,0,0.5,Не активен,0,0.1467527685700309,Не активен,0,0.0384615384615384,Не активен,0,0.0,Не активен,0,0.2807426612543701,Не активен,0,0.0714285714285714,Не активен,0,0.5,Не активен,0,0.0929270569989954,Не активен,0.8870735585929937,0.172150436000283,0.172150436000283,33,1,2,Med,1.7215043600028297,3,0.9471803400023192,False,green,,0,0,117.14799999999998,-1.5574999999999983,40.13,3,0,2,0,DTXSID8022666,no,"FDA_GRAS,EFSA_NOVEL",GRAS,,dual_evening_postpr,shot+chew,,2,8,False,2,1.7215043600028297
33,Resveratrol,C1=CC(=CC=C1C=CC2=CC(=CC(=C2)O)O)O,Oc1ccc(C=Cc2cc(O)cc(O)c2)cc1,LUKBXSAWLPMMSZ-UHFFFAOYSA-N,0,0.0911917632893237,Не активен,0,0.0,Не активен,0,0.45,Не активен,0,0.5,Не активен,0,0.0384615384615384,Не активен,0,0.0,Не активен,0,0.0508474576271186,Не активен,0,0.0714285714285714,Не активен,0,0.5,Не активен,0,0.0,Не активен,0.8941007351290525,0.1701929330806552,0.1701929330806552,34,1,2,Med,1.701929330806552,3,0.9489097092065438,False,green,,0,0,228.247,2.973800000000002,60.69,3,3,2,2,,no,"FDA_GRAS,EFSA_NOVEL",GRAS,,dual_evening_postpr,shot+chew,C(=Cc1ccccc1)c1ccccc1,19,9,False,2,1.701929330806552
34,Capsaicin,CC(C)C=CCCCCC(=O)NCC1=CC(=C(C=C1)O)OC,COc1cc(CNC(=O)CCCCC=CC(C)C)ccc1O,YKPUWZUDDOIDPM-UHFFFAOYSA-N,0,0.1686898326408873,Не активен,0,0.125,Не активен,0,0.45,Не активен,0,0.2,Не активен,0,0.2351774751610722,Не активен,0,0.0,Не активен,0,0.0508474576271186,Не активен,0,0.0714285714285714,Не активен,1,0.5119592625620696,Активен,0,0.210562657864476,Не активен,0.9168792288168748,0.2023665257284195,0.2023665257284195,35,1,1,Med,2.023665257284195,3,0.9557761592358724,False,green,catechol,0,0,305.41800000000006,3.789600000000002,58.56,4,2,9,1,,no,"FDA_GRAS,EFSA_NOVEL",GRAS,,postprandial_chew,chew,c1ccccc1,18,10,True,1,2.023665257284195
35,Pterostilbene,COC1=CC(=CC(=C1)C=CC2=CC=C(C=C2)O)OC,COc1cc(C=Cc2ccc(O)cc2)cc(OC)c1,VLEUZFDZJKSGMX-UHFFFAOYSA-N,0,0.0911917632893237,Не активен,0,0.125,Не активен,0,0.45,Не активен,0,0.4031466631628568,Не активен,0,0.0384615384615384,Не активен,0,0.2364301802606023,Не активен,0,0.0508474576271186,Не активен,0,0.0714285714285714,Не активен,0,0.5,Не активен,0,0.0,Не активен,0.9155407200175228,0.1966506174230011,0.1966506174230011,36,1,1,Med,1.9665061742300112,3,0.9510629080642582,False,green,,0,0,256.301,3.579800000000003,38.69,3,1,4,2,,no,"FDA_GRAS,EFSA_NOVEL",GRAS,,postprandial_chew,chew,C(=Cc1ccccc1)c1ccccc1,19,11,True,1,1.9665061742300112
36,Ferulic acid,COC1=C(C=CC(=C1)C=CC(=O)O)O,COc1cc(C=CC(=O)O)ccc1O,KSEBMYQBYZTDHS-UHFFFAOYSA-N,0,0.0911917632893237,Не активен,0,0.0,Не активен,0,0.45,Не активен,0,0.4863500920000825,Не активен,0,0.0384615384615384,Не активен,0,0.0,Не активен,0,0.0508474576271186,Не активен,0,0.0714285714285714,Не активен,0,0.5,Не активен,0,0.0,Не активен,0.8912097046835579,0.1688279422806635,0.1688279422806635,37,1,1,Med,1.6882794228066345,3,0.9525353206351406,False,yellow,"michael_acceptor,catechol",0,0,194.186,1.4986,66.76,4,2,3,1,DTXSID5040673,no,"FDA_GRAS,EFSA_NOVEL",GRAS,,dual_evening_postpr,shot+chew,c1ccccc1,18,9,False,1,1.6882794228066345
